id;first_name;last_name;email;phone_number;birthday;address;password
1;Rebeca;White;Amina_Volkman@hotmail.com;Dalasi;2022-01-03T03:41:53;15798;zero Avon Granite
2;Hardy;Corwin;Brain.Schroeder@gmail.com;Executive;2022-01-02T15:26:32;42523;Handmade
3;Sunny;Tromp;Teresa.Collins94@hotmail.com;schemas Brand Mouse;2022-01-03T11:20:33;95624;Ruble
4;Arvel;Hackett;Edythe39@yahoo.com;invoice Hawaii;2022-01-02T15:18:52;53872;withdrawal Avon Marketing
5;Emmy;Pagac;Stan65@yahoo.com;Functionality redundant Ball;2022-01-02T15:08:46;91508;portals recontextualize niches
6;Alda;Leannon;Dallas.Frami96@hotmail.com;synthesizing;2022-01-03T00:03:50;36172;Incredible AI
7;Reinhold;Labadie;Myriam.Bernier@gmail.com;Borders Awesome secured;2022-01-02T16:47:51;96852;Polarised Indiana
8;Clyde;Kerluke;Brody74@yahoo.com;impactful;2022-01-02T14:19:56;80441;regional THX
9;Floyd;Volkman;Mafalda.Wisoky80@yahoo.com;Clothing Montana withdrawal;2022-01-02T21:51:16;98521;Architect vortals
10;Crystel;Cassin;Shanna_Kreiger53@yahoo.com;Universal Maine;2022-01-02T18:55:53;60759;1080p Oregon Central
